<application>
  <component name="LocalDatabaseDriverManager" version="201">
    <driver id="cassandra" driver-class="com.ing.data.cassandra.jdbc.CassandraDriver">
      <artifact id="Cassandra" name="Cassandra" use="true" version="4.12.0.2" />
    </driver>
    <driver id="mongo">
      <artifact id="MongoDB" name="MongoDB" use="true" version="1.18" />
    </driver>
    <driver id="documentdb">
      <artifact id="MongoDB" name="MongoDB" use="true" version="1.18" />
      <jdbc-additional-properties>
        <property name="forceUseDriverIcon" value="true" />
      </jdbc-additional-properties>
    </driver>
    <driver id="oracle.19">
      <artifact id="Oracle" name="Oracle" use="true" version="21.5.0.0" />
    </driver>
    <driver id="postgresql">
      <artifact id="PostgreSQL" name="PostgreSQL" use="true" version="42.6.0" />
    </driver>
    <driver id="dynamo">
      <artifact id="Dynamo" name="Dynamo" use="true" version="0.7" />
    </driver>
  </component>
</application>