<application>
  <component name="GeneralSettings">
    <option name="showTipsOnStartup" value="false" />
    <option name="confirmOpenNewProject2" value="0" />
    <option name="processCloseConfirmation" value="TERMINATE" />
  </component>
  <component name="Registry">
    <entry key="undo.documentUndoLimit" value="10000" />
    <entry key="debugger.watches.in.variables" value="false" />
    <entry key="undo.globalUndoLimit" value="10000" />
    <entry key="ide.balloon.shadow.size" value="0" />
    <entry key="moved.to.new.ui" value="true" />
    <entry key="ide.experimental.ui" value="true" />
    <entry key="i18n.locale" value="" />
    <entry key="ide.intellij.laf.enable.animation" value="true" />
  </component>
</application>