<application>
  <component name="KafkaSettings">
    <option name="configs">
      <map>
        <entry key="Kafka@KafkaConnections@-424211215647559142">
          <value>
            <KafkaClusterConfig>
              <option name="topicsPined">
                <set>
                  <option value="dev-carrier-shipping-label-bulk" />
                </set>
              </option>
            </KafkaClusterConfig>
          </value>
        </entry>
      </map>
    </option>
    <option name="selectedConnectionId" value="Kafka@KafkaConnections@-424211215647559142" />
  </component>
</application>