<application>
  <component name="BuildProcessSatisfactionSurveyStore">
    <option name="daysWithGradleBuilds" value="1" />
    <option name="firstKotlinGradleBuildTime" value="1727422127" />
    <option name="lastKotlinGradleBuildTime" value="1727422127" />
    <option name="nextCountedGradleBuild" value="1727508527" />
  </component>
  <component name="KotlinNewUserTracker">
    <option name="firstKtFileOpened" value="1725089933" />
    <option name="lastKtFileOpened" value="1725091765" />
    <option name="newKtUserSince" value="1725089933" />
  </component>
</application>