<application>
  <component name="Trusted.Paths">
    <option name="TRUSTED_PROJECT_PATHS">
      <map>
        <entry key="$USER_HOME$/Desktop/flask_app" value="true" />
        <entry key="$USER_HOME$/Desktop/modern-java-in-action" value="true" />
        <entry key="$USER_HOME$/Downloads/source/ModernJavaInAction-master" value="true" />
        <entry key="$USER_HOME$/Project/SpringInAction5/Ch16/taco-service" value="true" />
        <entry key="$USER_HOME$/Project/algorithm-with-java" value="true" />
        <entry key="$USER_HOME$/Project/coding-test-with-nodejs" value="true" />
        <entry key="$USER_HOME$/Project/debugging" value="true" />
        <entry key="$USER_HOME$/Project/deleo-tracking-ui" value="true" />
        <entry key="$USER_HOME$/Project/demo" value="true" />
        <entry key="$USER_HOME$/Project/do-it-java-programing" value="true" />
        <entry key="$USER_HOME$/Project/intellij-ide-settings" value="true" />
        <entry key="$USER_HOME$/Project/jdbc" value="true" />
        <entry key="$USER_HOME$/Project/learning-test-for-company" value="true" />
        <entry key="$USER_HOME$/Project/modern-java-actions" value="true" />
        <entry key="$USER_HOME$/Project/modern-java-in-action" value="true" />
        <entry key="$USER_HOME$/Project/modern-java-in-actions" value="true" />
        <entry key="$USER_HOME$/Project/movie-reservation-application" value="true" />
        <entry key="$USER_HOME$/Project/platform-dev" value="true" />
        <entry key="$USER_HOME$/Project/platform-dev/cert" value="true" />
        <entry key="$USER_HOME$/Project/platform-dev/deleo-admin-rs" value="true" />
        <entry key="$USER_HOME$/Project/platform-dev/deleo-c2c" value="true" />
        <entry key="$USER_HOME$/Project/platform-dev/deleo-carrier-rs" value="true" />
        <entry key="$USER_HOME$/Project/platform-dev/deleo-carrier-sch" value="true" />
        <entry key="$USER_HOME$/Project/platform-dev/deleo-customs-rs" value="true" />
        <entry key="$USER_HOME$/Project/platform-dev/deleo-hrm-rs" value="true" />
        <entry key="$USER_HOME$/Project/platform-dev/deleo-library-common" value="true" />
        <entry key="$USER_HOME$/Project/platform-dev/deleo-lms-rs" value="true" />
        <entry key="$USER_HOME$/Project/platform-dev/deleo-mms-rs" value="true" />
        <entry key="$USER_HOME$/Project/platform-dev/deleo-oauth2" value="true" />
        <entry key="$USER_HOME$/Project/platform-dev/deleo-oms-rs" value="true" />
        <entry key="$USER_HOME$/Project/platform-dev/deleo-payment-rs" value="true" />
        <entry key="$USER_HOME$/Project/platform-dev/deleo-portal-ui" value="true" />
        <entry key="$USER_HOME$/Project/platform-dev/deleo-settle-rs" value="true" />
        <entry key="$USER_HOME$/Project/platform-dev/deleo-statistics-rs" value="true" />
        <entry key="$USER_HOME$/Project/platform-dev/deleo-statistics-rs/gradle" value="true" />
        <entry key="$USER_HOME$/Project/platform-dev/deleo-test" value="true" />
        <entry key="$USER_HOME$/Project/platform-dev/deleo-tracking-ui" value="true" />
        <entry key="$USER_HOME$/Project/platform-dev/deleo-wing-ui" value="true" />
        <entry key="$USER_HOME$/Project/platform-dev/deleo-wms-rs" value="true" />
        <entry key="$USER_HOME$/Project/platform-dev/helm-chart" value="true" />
        <entry key="$USER_HOME$/Project/platform-dev/keycloak" value="true" />
        <entry key="$USER_HOME$/Project/platform-dev/platform" value="true" />
        <entry key="$USER_HOME$/Project/platform-dev/practical-testing-with-wbpark" value="true" />
        <entry key="$USER_HOME$/Project/platform-dev2" value="true" />
        <entry key="$USER_HOME$/Project/platform-dev2/deleo-portal-ui" value="true" />
        <entry key="$USER_HOME$/Project/practical-testing-with-wbpark" value="true" />
        <entry key="$USER_HOME$/Project/readable-code-with-wbpark" value="true" />
        <entry key="$USER_HOME$/Project/spring-core-principle-with-yhkim" value="true" />
        <entry key="$USER_HOME$/Project/spring-core-with-yhkim" value="true" />
        <entry key="$USER_HOME$/Project/spring-data-opensearch" value="true" />
        <entry key="$USER_HOME$/Project/spring-db-part-one-with-yhkim" value="true" />
        <entry key="$USER_HOME$/Project/spring-db-part-two-with-yhkim" value="true" />
        <entry key="$USER_HOME$/Project/spring-microservices-in-action-2" value="true" />
        <entry key="$USER_HOME$/Project/spring-mvc-part-two-with-yhkim" value="true" />
        <entry key="$USER_HOME$/Project/spring-mvc-part-two-with-yhkim/exception" value="true" />
        <entry key="$USER_HOME$/Project/spring-mvc-part-two-with-yhkim/form" value="true" />
        <entry key="$USER_HOME$/Project/spring-mvc-part-two-with-yhkim/login" value="true" />
        <entry key="$USER_HOME$/Project/spring-mvc-part-two-with-yhkim/message" value="true" />
        <entry key="$USER_HOME$/Project/spring-mvc-part-two-with-yhkim/thymeleaf-basic" value="true" />
        <entry key="$USER_HOME$/Project/spring-mvc-part-two-with-yhkim/typeconverter" value="true" />
        <entry key="$USER_HOME$/Project/spring-mvc-part-two-with-yhkim/upload" value="true" />
        <entry key="$USER_HOME$/Project/spring-mvc-part-two-with-yhkim/validation" value="true" />
        <entry key="$USER_HOME$/Project/spring-playground" value="true" />
        <entry key="$USER_HOME$/Project/spring-template" value="true" />
        <entry key="$USER_HOME$/Project/testProject" value="true" />
        <entry key="$USER_HOME$/Project/today-i-learn" value="true" />
        <entry key="$USER_HOME$/Project/today-i-learn/spring/toby-spring" value="true" />
        <entry key="$USER_HOME$/Project/youthcon-2024" value="true" />
        <entry key="$USER_HOME$/Project/youthcon-mongodsl" value="true" />
      </map>
    </option>
  </component>
</application>