<application>
  <component name="DimensionService">
    <location key="find.popup.1920.0.1920.1080" x="2297" y="159" />
    <location key="find.popup.0.0.1920.1080" x="377" y="151" />
    <location key="find.popup.0.0.3840.2160@192dpi" x="1034" y="222" />
    <location key="find.popup.0.0.3456.2234@192dpi" x="946" y="234" />
    <location key="find.popup.0.0.5120.2880@192dpi" x="1418" y="238" />
    <location key="find.popup.5120.0.5120.2880@192dpi" x="6126" y="410" />
    <location key="find.popup.0.0.2560.1440@192dpi" x="710" y="140" />
    <location key="find.popup.0.0.1600.900" x="434" y="149" />
    <location key="find.popup.3456.0.3840.2160@192dpi" x="4492" y="232" />
    <location key="find.popup.1728.0.1920.1080" x="2188" y="166" />
    <location key="find.popup.-204.-2160.3840.2160@192dpi" x="692" y="-1820" />
    <location key="find.popup.-196.-2160.3840.2160@192dpi" x="868" y="-1958" />
    <location key="find.popup.-564.-2880.5120.2880@192dpi" x="630" y="-2442" />
    <location key="find.popup.0.0.4112.2658@192dpi" x="1140" y="262" />
    <location key="find.popup.0.-2160.3840.2160@192dpi" x="1036" y="-1928" />
    <location key="find.popup.0.-2880.5120.2880@192dpi" x="1382" y="-2586" />
    <location key="find.popup.-282.-1440.2560.1440" x="326" y="-1313" />
    <location key="find.popup.-102.-1080.1920.1080" x="304" y="-992" />
    <location key="find.popup.1920.0.1920.1080@72dpi" x="2437" y="116" />
    <location key="find.popup.-1920.-107.1920.1080" x="-1388" y="-11" />
    <size key="GridCell.Tab.0.left.0.0.1920.1080" width="1876" height="484" />
    <size key="GridCell.Tab.0.center.0.0.1920.1080" width="1876" height="484" />
    <size key="GridCell.Tab.0.right.0.0.1920.1080" width="1876" height="484" />
    <size key="GridCell.Tab.0.bottom.0.0.1920.1080" width="1876" height="484" />
    <size key="GridCell.Tab.1.left.0.0.1920.1080" width="1422" height="487" />
    <size key="GridCell.Tab.1.center.0.0.1920.1080" width="1422" height="487" />
    <size key="GridCell.Tab.1.right.0.0.1920.1080" width="1422" height="487" />
    <size key="GridCell.Tab.1.bottom.0.0.1920.1080" width="1422" height="487" />
    <size key="GridCell.Tab.0.left.-1920.0.1920.1080" width="1542" height="400" />
    <size key="GridCell.Tab.0.center.-1920.0.1920.1080" width="1542" height="400" />
    <size key="GridCell.Tab.0.right.-1920.0.1920.1080" width="1542" height="400" />
    <size key="GridCell.Tab.0.bottom.-1920.0.1920.1080" width="1542" height="400" />
    <size key="GridCell.Tab.1.left.-1920.0.1920.1080" width="1542" height="400" />
    <size key="GridCell.Tab.1.center.-1920.0.1920.1080" width="1542" height="400" />
    <size key="GridCell.Tab.1.right.-1920.0.1920.1080" width="1542" height="400" />
    <size key="GridCell.Tab.1.bottom.-1920.0.1920.1080" width="1542" height="400" />
    <size key="GridCell.Tab.0.left.1920.0.1920.1080" width="2478" height="582" />
    <size key="GridCell.Tab.0.center.1920.0.1920.1080" width="2478" height="582" />
    <size key="GridCell.Tab.0.right.1920.0.1920.1080" width="2478" height="582" />
    <size key="GridCell.Tab.0.bottom.1920.0.1920.1080" width="2478" height="582" />
    <size key="GridCell.Tab.1.left.1920.0.1920.1080" width="2478" height="582" />
    <size key="GridCell.Tab.1.center.1920.0.1920.1080" width="2478" height="582" />
    <size key="GridCell.Tab.1.right.1920.0.1920.1080" width="2478" height="582" />
    <size key="GridCell.Tab.1.bottom.1920.0.1920.1080" width="2478" height="582" />
    <size key="find.popup.1920.0.1920.1080" width="568" height="492" />
    <size key="GridCell.Tab.0.left.0.0.3456.2234@192dpi" width="3368" height="934" />
    <size key="GridCell.Tab.0.center.0.0.3456.2234@192dpi" width="3368" height="934" />
    <size key="GridCell.Tab.0.right.0.0.3456.2234@192dpi" width="3368" height="934" />
    <size key="GridCell.Tab.0.bottom.0.0.3456.2234@192dpi" width="3368" height="934" />
    <size key="GridCell.Tab.1.left.0.0.3456.2234@192dpi" width="3368" height="934" />
    <size key="GridCell.Tab.1.center.0.0.3456.2234@192dpi" width="3368" height="934" />
    <size key="GridCell.Tab.1.right.0.0.3456.2234@192dpi" width="3368" height="934" />
    <size key="GridCell.Tab.1.bottom.0.0.3456.2234@192dpi" width="3368" height="934" />
    <size key="find.popup.0.0.1920.1080" width="1284" height="720" />
    <size key="GridCell.Tab.0.left.0.0.3840.2160@192dpi" width="3082" height="900" />
    <size key="GridCell.Tab.0.center.0.0.3840.2160@192dpi" width="3082" height="900" />
    <size key="GridCell.Tab.0.right.0.0.3840.2160@192dpi" width="3082" height="900" />
    <size key="GridCell.Tab.0.bottom.0.0.3840.2160@192dpi" width="3082" height="900" />
    <size key="GridCell.Tab.1.left.0.0.3840.2160@192dpi" width="3082" height="900" />
    <size key="GridCell.Tab.1.center.0.0.3840.2160@192dpi" width="3082" height="900" />
    <size key="GridCell.Tab.1.right.0.0.3840.2160@192dpi" width="3082" height="900" />
    <size key="GridCell.Tab.1.bottom.0.0.3840.2160@192dpi" width="3082" height="900" />
    <size key="find.popup.0.0.3840.2160@192dpi" width="2568" height="1442" />
    <size key="find.popup.0.0.3456.2234@192dpi" width="2312" height="1478" />
    <size key="GridCell.Tab.2.left.1920.0.1920.1080" width="1838" height="423" />
    <size key="GridCell.Tab.2.center.1920.0.1920.1080" width="1838" height="423" />
    <size key="GridCell.Tab.2.right.1920.0.1920.1080" width="1838" height="423" />
    <size key="GridCell.Tab.2.bottom.1920.0.1920.1080" width="1838" height="423" />
    <size key="GridCell.Tab.2.left.0.0.1920.1080" width="1422" height="487" />
    <size key="GridCell.Tab.2.center.0.0.1920.1080" width="1422" height="487" />
    <size key="GridCell.Tab.2.right.0.0.1920.1080" width="1422" height="487" />
    <size key="GridCell.Tab.2.bottom.0.0.1920.1080" width="1422" height="487" />
    <size key="GridCell.Tab.2.left.0.0.3456.2234@192dpi" width="2788" height="882" />
    <size key="GridCell.Tab.2.center.0.0.3456.2234@192dpi" width="2788" height="882" />
    <size key="GridCell.Tab.2.right.0.0.3456.2234@192dpi" width="2788" height="882" />
    <size key="GridCell.Tab.2.bottom.0.0.3456.2234@192dpi" width="2788" height="882" />
    <size key="GridCell.Tab.2.left.0.0.3840.2160@192dpi" width="3082" height="900" />
    <size key="GridCell.Tab.2.center.0.0.3840.2160@192dpi" width="3082" height="900" />
    <size key="GridCell.Tab.2.right.0.0.3840.2160@192dpi" width="3082" height="900" />
    <size key="GridCell.Tab.2.bottom.0.0.3840.2160@192dpi" width="3082" height="900" />
    <size key="GridCell.Tab.3.left.1920.0.1920.1080" width="918" height="464" />
    <size key="GridCell.Tab.3.center.1920.0.1920.1080" width="918" height="464" />
    <size key="GridCell.Tab.3.right.1920.0.1920.1080" width="918" height="464" />
    <size key="GridCell.Tab.3.bottom.1920.0.1920.1080" width="918" height="464" />
    <size key="GridCell.Tab.3.left.0.0.1920.1080" width="1878" height="408" />
    <size key="GridCell.Tab.3.center.0.0.1920.1080" width="1878" height="408" />
    <size key="GridCell.Tab.3.right.0.0.1920.1080" width="1878" height="408" />
    <size key="GridCell.Tab.3.bottom.0.0.1920.1080" width="1878" height="408" />
    <size key="GridCell.Tab.4.left.1920.0.1920.1080" width="1878" height="404" />
    <size key="GridCell.Tab.4.center.1920.0.1920.1080" width="1878" height="404" />
    <size key="GridCell.Tab.4.right.1920.0.1920.1080" width="1878" height="404" />
    <size key="GridCell.Tab.4.bottom.1920.0.1920.1080" width="1878" height="404" />
    <size key="GridCell.Tab.5.left.1920.0.1920.1080" width="1878" height="404" />
    <size key="GridCell.Tab.5.center.1920.0.1920.1080" width="1878" height="404" />
    <size key="GridCell.Tab.5.right.1920.0.1920.1080" width="1878" height="404" />
    <size key="GridCell.Tab.5.bottom.1920.0.1920.1080" width="1878" height="404" />
    <size key="GridCell.Tab.-1.left.1920.0.1920.1080" width="1878" height="463" />
    <size key="GridCell.Tab.-1.center.1920.0.1920.1080" width="1878" height="463" />
    <size key="GridCell.Tab.-1.right.1920.0.1920.1080" width="1878" height="463" />
    <size key="GridCell.Tab.-1.bottom.1920.0.1920.1080" width="1878" height="463" />
    <size key="GridCell.Tab.0.left.-5120.0.5120.2880@192dpi" width="3756" height="778" />
    <size key="GridCell.Tab.0.center.-5120.0.5120.2880@192dpi" width="3756" height="778" />
    <size key="GridCell.Tab.0.right.-5120.0.5120.2880@192dpi" width="3756" height="778" />
    <size key="GridCell.Tab.0.bottom.-5120.0.5120.2880@192dpi" width="3756" height="778" />
    <size key="GridCell.Tab.1.left.-5120.0.5120.2880@192dpi" width="3756" height="778" />
    <size key="GridCell.Tab.1.center.-5120.0.5120.2880@192dpi" width="3756" height="778" />
    <size key="GridCell.Tab.1.right.-5120.0.5120.2880@192dpi" width="3756" height="778" />
    <size key="GridCell.Tab.1.bottom.-5120.0.5120.2880@192dpi" width="3756" height="778" />
    <size key="find.popup.0.0.5120.2880@192dpi" width="1914" height="1064" />
    <size key="GridCell.Tab.0.left.0.0.5120.2880@192dpi" width="4956" height="846" />
    <size key="GridCell.Tab.0.center.0.0.5120.2880@192dpi" width="4956" height="846" />
    <size key="GridCell.Tab.0.right.0.0.5120.2880@192dpi" width="4956" height="846" />
    <size key="GridCell.Tab.0.bottom.0.0.5120.2880@192dpi" width="4956" height="846" />
    <size key="GridCell.Tab.1.left.0.0.5120.2880@192dpi" width="4956" height="846" />
    <size key="GridCell.Tab.1.center.0.0.5120.2880@192dpi" width="4956" height="846" />
    <size key="GridCell.Tab.1.right.0.0.5120.2880@192dpi" width="4956" height="846" />
    <size key="GridCell.Tab.1.bottom.0.0.5120.2880@192dpi" width="4956" height="846" />
    <size key="GridCell.Tab.2.left.0.0.5120.2880@192dpi" width="4024" height="900" />
    <size key="GridCell.Tab.2.center.0.0.5120.2880@192dpi" width="4024" height="900" />
    <size key="GridCell.Tab.2.right.0.0.5120.2880@192dpi" width="4024" height="900" />
    <size key="GridCell.Tab.2.bottom.0.0.5120.2880@192dpi" width="4024" height="900" />
    <size key="GridCell.Tab.0.left.5120.0.5120.2880@192dpi" width="4956" height="1164" />
    <size key="GridCell.Tab.0.center.5120.0.5120.2880@192dpi" width="4956" height="1164" />
    <size key="GridCell.Tab.0.right.5120.0.5120.2880@192dpi" width="4956" height="1164" />
    <size key="GridCell.Tab.0.bottom.5120.0.5120.2880@192dpi" width="4956" height="1164" />
    <size key="GridCell.Tab.1.left.5120.0.5120.2880@192dpi" width="4956" height="1164" />
    <size key="GridCell.Tab.1.center.5120.0.5120.2880@192dpi" width="4956" height="1164" />
    <size key="GridCell.Tab.1.right.5120.0.5120.2880@192dpi" width="4956" height="1164" />
    <size key="GridCell.Tab.1.bottom.5120.0.5120.2880@192dpi" width="4956" height="1164" />
    <size key="GridCell.Tab.2.left.5120.0.5120.2880@192dpi" width="4956" height="1164" />
    <size key="GridCell.Tab.2.center.5120.0.5120.2880@192dpi" width="4956" height="1164" />
    <size key="GridCell.Tab.2.right.5120.0.5120.2880@192dpi" width="4956" height="1164" />
    <size key="GridCell.Tab.2.bottom.5120.0.5120.2880@192dpi" width="4956" height="1164" />
    <size key="find.popup.5120.0.5120.2880@192dpi" width="2398" height="1458" />
    <size key="GridCell.Tab.0.left.5120.0.6400.3600@192dpi" width="6312" height="778" />
    <size key="GridCell.Tab.0.center.5120.0.6400.3600@192dpi" width="6312" height="778" />
    <size key="GridCell.Tab.0.right.5120.0.6400.3600@192dpi" width="6312" height="778" />
    <size key="GridCell.Tab.0.bottom.5120.0.6400.3600@192dpi" width="6312" height="778" />
    <size key="GridCell.Tab.1.left.5120.0.6400.3600@192dpi" width="6312" height="778" />
    <size key="GridCell.Tab.1.center.5120.0.6400.3600@192dpi" width="6312" height="778" />
    <size key="GridCell.Tab.1.right.5120.0.6400.3600@192dpi" width="6312" height="778" />
    <size key="GridCell.Tab.1.bottom.5120.0.6400.3600@192dpi" width="6312" height="778" />
    <size key="GridCell.Tab.2.left.5120.0.6400.3600@192dpi" width="6312" height="778" />
    <size key="GridCell.Tab.2.center.5120.0.6400.3600@192dpi" width="6312" height="778" />
    <size key="GridCell.Tab.2.right.5120.0.6400.3600@192dpi" width="6312" height="778" />
    <size key="GridCell.Tab.2.bottom.5120.0.6400.3600@192dpi" width="6312" height="778" />
    <size key="GridCell.Tab.3.left.5120.0.5120.2880@192dpi" width="3368" height="612" />
    <size key="GridCell.Tab.3.center.5120.0.5120.2880@192dpi" width="3368" height="612" />
    <size key="GridCell.Tab.3.right.5120.0.5120.2880@192dpi" width="3368" height="612" />
    <size key="GridCell.Tab.3.bottom.5120.0.5120.2880@192dpi" width="3368" height="612" />
    <size key="GridCell.Tab.0.left.0.0.2560.1440@192dpi" width="2472" height="760" />
    <size key="GridCell.Tab.0.center.0.0.2560.1440@192dpi" width="2472" height="760" />
    <size key="GridCell.Tab.0.right.0.0.2560.1440@192dpi" width="2472" height="760" />
    <size key="GridCell.Tab.0.bottom.0.0.2560.1440@192dpi" width="2472" height="760" />
    <size key="GridCell.Tab.1.left.0.0.2560.1440@192dpi" width="2472" height="760" />
    <size key="GridCell.Tab.1.center.0.0.2560.1440@192dpi" width="2472" height="760" />
    <size key="GridCell.Tab.1.right.0.0.2560.1440@192dpi" width="2472" height="760" />
    <size key="GridCell.Tab.1.bottom.0.0.2560.1440@192dpi" width="2472" height="760" />
    <size key="find.popup.0.0.2560.1440@192dpi" width="1470" height="1004" />
    <size key="GridCell.Tab.3.left.0.0.5120.2880@192dpi" width="5036" height="1104" />
    <size key="GridCell.Tab.3.center.0.0.5120.2880@192dpi" width="5036" height="1104" />
    <size key="GridCell.Tab.3.right.0.0.5120.2880@192dpi" width="5036" height="1104" />
    <size key="GridCell.Tab.3.bottom.0.0.5120.2880@192dpi" width="5036" height="1104" />
    <size key="GridCell.Tab.3.left.0.0.3456.2234@192dpi" width="3368" height="612" />
    <size key="GridCell.Tab.3.center.0.0.3456.2234@192dpi" width="3368" height="612" />
    <size key="GridCell.Tab.3.right.0.0.3456.2234@192dpi" width="3368" height="612" />
    <size key="GridCell.Tab.3.bottom.0.0.3456.2234@192dpi" width="3368" height="612" />
    <size key="find.popup.0.0.1600.900" width="854" height="576" />
    <size key="GridCell.Tab.0.left.3456.0.3840.2160@192dpi" width="3756" height="996" />
    <size key="GridCell.Tab.0.center.3456.0.3840.2160@192dpi" width="3756" height="996" />
    <size key="GridCell.Tab.0.right.3456.0.3840.2160@192dpi" width="3756" height="996" />
    <size key="GridCell.Tab.0.bottom.3456.0.3840.2160@192dpi" width="3756" height="996" />
    <size key="find.popup.3456.0.3840.2160@192dpi" width="1968" height="1522" />
    <size key="GridCell.Tab.1.left.3456.0.3840.2160@192dpi" width="3756" height="996" />
    <size key="GridCell.Tab.1.center.3456.0.3840.2160@192dpi" width="3756" height="996" />
    <size key="GridCell.Tab.1.right.3456.0.3840.2160@192dpi" width="3756" height="996" />
    <size key="GridCell.Tab.1.bottom.3456.0.3840.2160@192dpi" width="3756" height="996" />
    <size key="GridCell.Tab.2.left.3456.0.3840.2160@192dpi" width="3756" height="996" />
    <size key="GridCell.Tab.2.center.3456.0.3840.2160@192dpi" width="3756" height="996" />
    <size key="GridCell.Tab.2.right.3456.0.3840.2160@192dpi" width="3756" height="996" />
    <size key="GridCell.Tab.2.bottom.3456.0.3840.2160@192dpi" width="3756" height="996" />
    <size key="GridCell.Tab.0.left.-3456.1204.3456.2234@192dpi" width="3756" height="592" />
    <size key="GridCell.Tab.0.center.-3456.1204.3456.2234@192dpi" width="3756" height="592" />
    <size key="GridCell.Tab.0.right.-3456.1204.3456.2234@192dpi" width="3756" height="592" />
    <size key="GridCell.Tab.0.bottom.-3456.1204.3456.2234@192dpi" width="3756" height="592" />
    <size key="GridCell.Tab.1.left.-3456.1204.3456.2234@192dpi" width="3756" height="592" />
    <size key="GridCell.Tab.1.center.-3456.1204.3456.2234@192dpi" width="3756" height="592" />
    <size key="GridCell.Tab.1.right.-3456.1204.3456.2234@192dpi" width="3756" height="592" />
    <size key="GridCell.Tab.1.bottom.-3456.1204.3456.2234@192dpi" width="3756" height="592" />
    <size key="GridCell.Tab.2.left.-3456.1204.3456.2234@192dpi" width="3756" height="592" />
    <size key="GridCell.Tab.2.center.-3456.1204.3456.2234@192dpi" width="3756" height="592" />
    <size key="GridCell.Tab.2.right.-3456.1204.3456.2234@192dpi" width="3756" height="592" />
    <size key="GridCell.Tab.2.bottom.-3456.1204.3456.2234@192dpi" width="3756" height="592" />
    <size key="GridCell.Tab.0.left.1728.0.1920.1080" width="1878" height="528" />
    <size key="GridCell.Tab.0.center.1728.0.1920.1080" width="1878" height="528" />
    <size key="GridCell.Tab.0.right.1728.0.1920.1080" width="1878" height="528" />
    <size key="GridCell.Tab.0.bottom.1728.0.1920.1080" width="1878" height="528" />
    <size key="GridCell.Tab.1.left.1728.0.1920.1080" width="1878" height="528" />
    <size key="GridCell.Tab.1.center.1728.0.1920.1080" width="1878" height="528" />
    <size key="GridCell.Tab.1.right.1728.0.1920.1080" width="1878" height="528" />
    <size key="GridCell.Tab.1.bottom.1728.0.1920.1080" width="1878" height="528" />
    <size key="GridCell.Tab.2.left.1728.0.1920.1080" width="1878" height="528" />
    <size key="GridCell.Tab.2.center.1728.0.1920.1080" width="1878" height="528" />
    <size key="GridCell.Tab.2.right.1728.0.1920.1080" width="1878" height="528" />
    <size key="GridCell.Tab.2.bottom.1728.0.1920.1080" width="1878" height="528" />
    <size key="find.popup.1728.0.1920.1080" width="1269" height="802" />
    <size key="find.popup.-204.-2160.3840.2160@192dpi" width="2538" height="1606" />
    <size key="GridCell.Tab.0.left.-204.-2160.3840.2160@192dpi" width="3756" height="630" />
    <size key="GridCell.Tab.0.center.-204.-2160.3840.2160@192dpi" width="3756" height="630" />
    <size key="GridCell.Tab.0.right.-204.-2160.3840.2160@192dpi" width="3756" height="630" />
    <size key="GridCell.Tab.0.bottom.-204.-2160.3840.2160@192dpi" width="3756" height="630" />
    <size key="GridCell.Tab.1.left.-204.-2160.3840.2160@192dpi" width="3756" height="630" />
    <size key="GridCell.Tab.1.center.-204.-2160.3840.2160@192dpi" width="3756" height="630" />
    <size key="GridCell.Tab.1.right.-204.-2160.3840.2160@192dpi" width="3756" height="630" />
    <size key="GridCell.Tab.1.bottom.-204.-2160.3840.2160@192dpi" width="3756" height="630" />
    <size key="GridCell.Tab.2.left.-204.-2160.3840.2160@192dpi" width="3756" height="630" />
    <size key="GridCell.Tab.2.center.-204.-2160.3840.2160@192dpi" width="3756" height="630" />
    <size key="GridCell.Tab.2.right.-204.-2160.3840.2160@192dpi" width="3756" height="630" />
    <size key="GridCell.Tab.2.bottom.-204.-2160.3840.2160@192dpi" width="3756" height="630" />
    <size key="GridCell.Tab.0.left.-3456.1190.3456.2234@192dpi" width="3756" height="632" />
    <size key="GridCell.Tab.0.center.-3456.1190.3456.2234@192dpi" width="3756" height="632" />
    <size key="GridCell.Tab.0.right.-3456.1190.3456.2234@192dpi" width="3756" height="632" />
    <size key="GridCell.Tab.0.bottom.-3456.1190.3456.2234@192dpi" width="3756" height="632" />
    <size key="find.popup.-196.-2160.3840.2160@192dpi" width="1280" height="1034" />
    <size key="GridCell.Tab.0.left.-564.-2880.5120.2880@192dpi" width="5036" height="896" />
    <size key="GridCell.Tab.0.center.-564.-2880.5120.2880@192dpi" width="5036" height="896" />
    <size key="GridCell.Tab.0.right.-564.-2880.5120.2880@192dpi" width="5036" height="896" />
    <size key="GridCell.Tab.0.bottom.-564.-2880.5120.2880@192dpi" width="5036" height="896" />
    <size key="GridCell.Tab.1.left.-564.-2880.5120.2880@192dpi" width="5036" height="896" />
    <size key="GridCell.Tab.1.center.-564.-2880.5120.2880@192dpi" width="5036" height="896" />
    <size key="GridCell.Tab.1.right.-564.-2880.5120.2880@192dpi" width="5036" height="896" />
    <size key="GridCell.Tab.1.bottom.-564.-2880.5120.2880@192dpi" width="5036" height="896" />
    <size key="GridCell.Tab.2.left.-564.-2880.5120.2880@192dpi" width="5036" height="896" />
    <size key="GridCell.Tab.2.center.-564.-2880.5120.2880@192dpi" width="5036" height="896" />
    <size key="GridCell.Tab.2.right.-564.-2880.5120.2880@192dpi" width="5036" height="896" />
    <size key="GridCell.Tab.2.bottom.-564.-2880.5120.2880@192dpi" width="5036" height="896" />
    <size key="GridCell.Tab.0.left.0.0.4112.2658@192dpi" width="3372" height="712" />
    <size key="GridCell.Tab.0.center.0.0.4112.2658@192dpi" width="3372" height="712" />
    <size key="GridCell.Tab.0.right.0.0.4112.2658@192dpi" width="3372" height="712" />
    <size key="GridCell.Tab.0.bottom.0.0.4112.2658@192dpi" width="3372" height="712" />
    <size key="GridCell.Tab.1.left.0.0.4112.2658@192dpi" width="4028" height="958" />
    <size key="GridCell.Tab.1.center.0.0.4112.2658@192dpi" width="4028" height="958" />
    <size key="GridCell.Tab.1.right.0.0.4112.2658@192dpi" width="4028" height="958" />
    <size key="GridCell.Tab.1.bottom.0.0.4112.2658@192dpi" width="4028" height="958" />
    <size key="GridCell.Tab.2.left.0.0.4112.2658@192dpi" width="4028" height="958" />
    <size key="GridCell.Tab.2.center.0.0.4112.2658@192dpi" width="4028" height="958" />
    <size key="GridCell.Tab.2.right.0.0.4112.2658@192dpi" width="4028" height="958" />
    <size key="GridCell.Tab.2.bottom.0.0.4112.2658@192dpi" width="4028" height="958" />
    <size key="find.popup.-564.-2880.5120.2880@192dpi" width="3384" height="2152" />
    <size key="find.popup.0.0.4112.2658@192dpi" width="2366" height="1842" />
    <size key="GridCell.Tab.-1.left.0.0.1920.1080" width="1878" height="418" />
    <size key="GridCell.Tab.-1.center.0.0.1920.1080" width="1878" height="418" />
    <size key="GridCell.Tab.-1.right.0.0.1920.1080" width="1878" height="418" />
    <size key="GridCell.Tab.-1.bottom.0.0.1920.1080" width="1878" height="418" />
    <size key="GridCell.Tab.-1.left.-564.-2880.5120.2880@192dpi" width="5036" height="896" />
    <size key="GridCell.Tab.-1.center.-564.-2880.5120.2880@192dpi" width="5036" height="896" />
    <size key="GridCell.Tab.-1.right.-564.-2880.5120.2880@192dpi" width="5036" height="896" />
    <size key="GridCell.Tab.-1.bottom.-564.-2880.5120.2880@192dpi" width="5036" height="896" />
    <size key="find.popup.0.-2160.3840.2160@192dpi" width="2568" height="1526" />
    <size key="find.popup.0.-2880.5120.2880@192dpi" width="3424" height="2048" />
    <size key="GridCell.Tab.0.left.-282.-1440.2560.1440" width="2518" height="574" />
    <size key="GridCell.Tab.0.center.-282.-1440.2560.1440" width="2518" height="574" />
    <size key="GridCell.Tab.0.right.-282.-1440.2560.1440" width="2518" height="574" />
    <size key="GridCell.Tab.0.bottom.-282.-1440.2560.1440" width="2518" height="574" />
    <size key="GridCell.Tab.1.left.-282.-1440.2560.1440" width="2518" height="574" />
    <size key="GridCell.Tab.1.center.-282.-1440.2560.1440" width="2518" height="574" />
    <size key="GridCell.Tab.1.right.-282.-1440.2560.1440" width="2518" height="574" />
    <size key="GridCell.Tab.1.bottom.-282.-1440.2560.1440" width="2518" height="574" />
    <size key="GridCell.Tab.2.left.-282.-1440.2560.1440" width="2518" height="574" />
    <size key="GridCell.Tab.2.center.-282.-1440.2560.1440" width="2518" height="574" />
    <size key="GridCell.Tab.2.right.-282.-1440.2560.1440" width="2518" height="574" />
    <size key="GridCell.Tab.2.bottom.-282.-1440.2560.1440" width="2518" height="574" />
    <size key="find.popup.-282.-1440.2560.1440" width="1512" height="1239" />
    <size key="GridCell.Tab.0.left.-102.-1080.1920.1080" width="1878" height="545" />
    <size key="GridCell.Tab.0.center.-102.-1080.1920.1080" width="1878" height="545" />
    <size key="GridCell.Tab.0.right.-102.-1080.1920.1080" width="1878" height="545" />
    <size key="GridCell.Tab.0.bottom.-102.-1080.1920.1080" width="1878" height="545" />
    <size key="GridCell.Tab.1.left.-102.-1080.1920.1080" width="1878" height="545" />
    <size key="GridCell.Tab.1.center.-102.-1080.1920.1080" width="1878" height="545" />
    <size key="GridCell.Tab.1.right.-102.-1080.1920.1080" width="1878" height="545" />
    <size key="GridCell.Tab.1.bottom.-102.-1080.1920.1080" width="1878" height="545" />
    <size key="GridCell.Tab.2.left.-102.-1080.1920.1080" width="1878" height="545" />
    <size key="GridCell.Tab.2.center.-102.-1080.1920.1080" width="1878" height="545" />
    <size key="GridCell.Tab.2.right.-102.-1080.1920.1080" width="1878" height="545" />
    <size key="GridCell.Tab.2.bottom.-102.-1080.1920.1080" width="1878" height="545" />
    <size key="find.popup.-102.-1080.1920.1080" width="1258" height="855" />
    <size key="GridCell.Tab.-1.left.0.0.3456.2234@192dpi" width="3372" height="734" />
    <size key="GridCell.Tab.-1.center.0.0.3456.2234@192dpi" width="3372" height="734" />
    <size key="GridCell.Tab.-1.right.0.0.3456.2234@192dpi" width="3372" height="734" />
    <size key="GridCell.Tab.-1.bottom.0.0.3456.2234@192dpi" width="3372" height="734" />
    <size key="GridCell.Tab.0.left.-109.-1080.1920.1080" width="1876" height="370" />
    <size key="GridCell.Tab.0.center.-109.-1080.1920.1080" width="1876" height="370" />
    <size key="GridCell.Tab.0.right.-109.-1080.1920.1080" width="1876" height="370" />
    <size key="GridCell.Tab.0.bottom.-109.-1080.1920.1080" width="1876" height="370" />
    <size key="GridCell.Tab.1.left.-109.-1080.1920.1080" width="1876" height="370" />
    <size key="GridCell.Tab.1.center.-109.-1080.1920.1080" width="1876" height="370" />
    <size key="GridCell.Tab.1.right.-109.-1080.1920.1080" width="1876" height="370" />
    <size key="GridCell.Tab.1.bottom.-109.-1080.1920.1080" width="1876" height="370" />
    <size key="GridCell.Tab.0.left.1920.0.1920.1080@72dpi" width="1584" height="411" />
    <size key="GridCell.Tab.0.center.1920.0.1920.1080@72dpi" width="1584" height="411" />
    <size key="GridCell.Tab.0.right.1920.0.1920.1080@72dpi" width="1584" height="411" />
    <size key="GridCell.Tab.0.bottom.1920.0.1920.1080@72dpi" width="1584" height="411" />
    <size key="GridCell.Tab.1.left.1920.0.1920.1080@72dpi" width="1584" height="411" />
    <size key="GridCell.Tab.1.center.1920.0.1920.1080@72dpi" width="1584" height="411" />
    <size key="GridCell.Tab.1.right.1920.0.1920.1080@72dpi" width="1584" height="411" />
    <size key="GridCell.Tab.1.bottom.1920.0.1920.1080@72dpi" width="1584" height="411" />
    <size key="GridCell.Tab.2.left.1920.0.1920.1080@72dpi" width="1584" height="411" />
    <size key="GridCell.Tab.2.center.1920.0.1920.1080@72dpi" width="1584" height="411" />
    <size key="GridCell.Tab.2.right.1920.0.1920.1080@72dpi" width="1584" height="411" />
    <size key="GridCell.Tab.2.bottom.1920.0.1920.1080@72dpi" width="1584" height="411" />
    <size key="find.popup.1920.0.1920.1080@72dpi" width="1284" height="763" />
    <size key="GridCell.Tab.0.left.0.0.5120.2880@144dpi" width="3752" height="672" />
    <size key="GridCell.Tab.0.center.0.0.5120.2880@144dpi" width="3752" height="672" />
    <size key="GridCell.Tab.0.right.0.0.5120.2880@144dpi" width="3752" height="672" />
    <size key="GridCell.Tab.0.bottom.0.0.5120.2880@144dpi" width="3752" height="672" />
    <size key="GridCell.Tab.1.left.0.0.5120.2880@144dpi" width="3752" height="672" />
    <size key="GridCell.Tab.1.center.0.0.5120.2880@144dpi" width="3752" height="672" />
    <size key="GridCell.Tab.1.right.0.0.5120.2880@144dpi" width="3752" height="672" />
    <size key="GridCell.Tab.1.bottom.0.0.5120.2880@144dpi" width="3752" height="672" />
    <size key="GridCell.Tab.2.left.0.0.5120.2880@144dpi" width="3752" height="672" />
    <size key="GridCell.Tab.2.center.0.0.5120.2880@144dpi" width="3752" height="672" />
    <size key="GridCell.Tab.2.right.0.0.5120.2880@144dpi" width="3752" height="672" />
    <size key="GridCell.Tab.2.bottom.0.0.5120.2880@144dpi" width="3752" height="672" />
    <size key="GridCell.Tab.0.left.5120.0.5120.2880@144dpi" width="4454" height="866" />
    <size key="GridCell.Tab.0.center.5120.0.5120.2880@144dpi" width="4454" height="866" />
    <size key="GridCell.Tab.0.right.5120.0.5120.2880@144dpi" width="4454" height="866" />
    <size key="GridCell.Tab.0.bottom.5120.0.5120.2880@144dpi" width="4454" height="866" />
    <size key="GridCell.Tab.1.left.5120.0.5120.2880@144dpi" width="4454" height="866" />
    <size key="GridCell.Tab.1.center.5120.0.5120.2880@144dpi" width="4454" height="866" />
    <size key="GridCell.Tab.1.right.5120.0.5120.2880@144dpi" width="4454" height="866" />
    <size key="GridCell.Tab.1.bottom.5120.0.5120.2880@144dpi" width="4454" height="866" />
    <size key="GridCell.Tab.2.left.5120.0.5120.2880@144dpi" width="4454" height="866" />
    <size key="GridCell.Tab.2.center.5120.0.5120.2880@144dpi" width="4454" height="866" />
    <size key="GridCell.Tab.2.right.5120.0.5120.2880@144dpi" width="4454" height="866" />
    <size key="GridCell.Tab.2.bottom.5120.0.5120.2880@144dpi" width="4454" height="866" />
    <size key="GridCell.Tab.-1.left.5120.0.5120.2880@192dpi" width="4204" height="870" />
    <size key="GridCell.Tab.-1.center.5120.0.5120.2880@192dpi" width="4204" height="870" />
    <size key="GridCell.Tab.-1.right.5120.0.5120.2880@192dpi" width="4204" height="870" />
    <size key="GridCell.Tab.-1.bottom.5120.0.5120.2880@192dpi" width="4204" height="870" />
    <size key="find.popup.-1920.-107.1920.1080" width="1104" height="749" />
  </component>
  <component name="WindowManager">
    <frame x="1920" y="25" width="2560" height="1055" />
  </component>
  <component name="WindowStateApplicationService">
    <state width="908" height="167" key="ShowUsagesActions.dimensionServiceKey.ideScale=90" timestamp="1727417382135">
      <screen x="0" y="25" width="2560" height="1354" />
    </state>
    <state width="857" height="122" key="ShowUsagesActions.dimensionServiceKey.ideScale=90/0.25.1920.996" timestamp="1723184030529" />
    <state width="803" height="364" key="ShowUsagesActions.dimensionServiceKey.ideScale=90/0.25.2560.1354/2560.25.2560.1415" timestamp="1726026191224" />
    <state width="902" height="78" key="ShowUsagesActions.dimensionServiceKey.ideScale=90/0.25.2560.1355/2560.25.2560.1415" timestamp="1724305064525" />
    <state width="827" height="100" key="ShowUsagesActions.dimensionServiceKey.ideScale=90/0.25.2560.1356/2560.25.2560.1415" timestamp="1724225983563" />
    <state width="509" height="126" key="ShowUsagesActions.dimensionServiceKey.ideScale=90/0.25.2560.1415/2560.25.2560.1356" timestamp="1721381412836" />
    <state width="965" height="78" key="ShowUsagesActions.dimensionServiceKey.ideScale=90/0.38.1728.1020" timestamp="1718862596747" />
    <state width="911" height="126" key="ShowUsagesActions.dimensionServiceKey.ideScale=90/1920.25.1920.1055/0.25.1920.994" timestamp="1725286899150" />
    <state width="393" height="104" key="ShowUsagesActions.dimensionServiceKey.ideScale=90/1920.25.1920.1055/0.25.1920.996" timestamp="1720950330788" />
    <state width="908" height="167" key="ShowUsagesActions.dimensionServiceKey.ideScale=90/2560.25.2560.1415/0.25.2560.1354" timestamp="1727417382135" />
    <state width="902" height="126" key="ShowUsagesActions.dimensionServiceKey.ideScale=90/2560.25.2560.1415/0.25.2560.1355" timestamp="1724837634749" />
    <state width="839" height="78" key="ShowUsagesActions.dimensionServiceKey.ideScale=90/2560.25.2560.1415/0.25.2560.1356" timestamp="1724054462707" />
    <state x="1279" y="682" width="1697" height="1239" key="WELCOME_SCREEN.ideScale=90" timestamp="1727334235537">
      <screen x="0" y="25" width="2560" height="1354" />
    </state>
    <state x="959" y="507" width="1271" height="909" key="WELCOME_SCREEN.ideScale=90/0.25.1920.995/1920.25.1920.1055" timestamp="1724852436266" />
    <state x="959" y="508" width="1271" height="910" key="WELCOME_SCREEN.ideScale=90/0.25.1920.996/1920.25.1920.1055" timestamp="1722782807879" />
    <state x="1279" y="682" width="1697" height="1239" key="WELCOME_SCREEN.ideScale=90/0.25.2560.1354/2560.25.2560.1415" timestamp="1727243369740" />
    <state x="1279" y="683" width="1695" height="1239" key="WELCOME_SCREEN.ideScale=90/0.25.2560.1356" timestamp="1720746049234" />
    <state x="1280" y="683" width="1694" height="1238" key="WELCOME_SCREEN.ideScale=90/0.25.2560.1356/2560.25.2560.1415" timestamp="1722476934446" />
    <state x="863" y="532" width="1145" height="931" key="WELCOME_SCREEN.ideScale=90/0.38.1728.1018" timestamp="1725200435505" />
    <state x="864" y="533" width="1144" height="932" key="WELCOME_SCREEN.ideScale=90/0.38.1728.1020" timestamp="1720437945343" />
    <state x="959" y="508" width="1271" height="910" key="WELCOME_SCREEN.ideScale=90/1920.25.1920.1055/0.25.1920.996" timestamp="1723646101322" />
    <state x="1279" y="682" width="1697" height="1239" key="WELCOME_SCREEN.ideScale=90/2560.25.2560.1415/0.25.2560.1354" timestamp="1727334235537" />
    <state x="1279" y="683" width="1695" height="1238" key="WELCOME_SCREEN.ideScale=90/2560.25.2560.1415/0.25.2560.1355" timestamp="1724889062815" />
    <state x="1280" y="683" width="1694" height="1238" key="WELCOME_SCREEN.ideScale=90/2560.25.2560.1415/0.25.2560.1356" timestamp="1724029098324" />
  </component>
</application>