<application>
  <component name="Translation.Cache">
    <option name="lastTrimTime" value="1698904330194" />
  </component>
  <component name="Translation.States">
    <histories>
      <item value="Detects the language of the provided texts. &lt;p&gt;Example of detecting the language of some texts: &lt;!--SNIPPET translate_detect_language--&gt; &lt;pre&gt;{@code TODO(developer): Uncomment these lines. import com.google.cloud.translate.; Translate translate = TranslateOptions.getDefaultInstance().getService(); List&lt;String&gt; texts = new LinkedList&lt;&gt;(); texts.add(&quot;Hello, World!&quot;); texts.add(&quot;¡Hola Mundo!&quot;); List&lt;Detection&gt; detections = translate.detect(texts); System.out.println(&quot;Language(s) detected:&quot;); for (Detection detection : detections) { System.out.printf(&quot;\t%s\n&quot;, detection); } }&lt;pre&gt; &lt;!--SNIPPET translate_detect_language--&gt; @param texts the texts for which language should be detected @return a list of objects containing information on the language detection, one for each provided text, in order" />
      <item value="@param texts the texts for which language should be detected @return a list of objects containing information on the language detection, one for each provided text, in order" />
      <item value="confidence" />
    </histories>
    <option name="languageScores">
      <map>
        <entry key="ENGLISH" value="4" />
        <entry key="KOREAN" value="4" />
      </map>
    </option>
  </component>
</application>