<application>
  <component name="MaterialThemeNewConfig">
    <option name="accentState">
      <MTAccentConfigState>
        <option name="accentColorHex" value="ff9800" />
      </MTAccentConfigState>
    </option>
    <option name="contrastState">
      <MTContrastConfigState>
        <option name="contrastMode" value="true" />
      </MTContrastConfigState>
    </option>
    <option name="metadata">
      <MTMetadataState>
        <option name="pristineConfig" value="false" />
        <option name="userId" value="-62d20fd:18f2f15d250:-8000" />
        <option name="version" value="9.2.1" />
      </MTMetadataState>
    </option>
    <option name="projectTreeState">
      <MTProjectTreeConfigState>
        <option name="customLineHeight" value="20" />
        <option name="customLineHeightEnabled" value="true" />
      </MTProjectTreeConfigState>
    </option>
    <option name="themeState">
      <MTThemeConfigState>
        <option name="selectedThemeName" value="NATIVE" />
      </MTThemeConfigState>
    </option>
  </component>
</application>