<application>
  <component name="SettingsSyncSettings">
    <option name="disabledSubcategories">
      <map>
        <entry key="PLUGINS">
          <value>
            <list>
              <option value="Code Iris" />
              <option value="GradleDependenciesHelper" />
              <option value="IdeaVIM" />
              <option value="cn.jxzhang.plugin.json-formatter" />
              <option value="com.intellij.bigdatatools.core" />
              <option value="com.intellij.plugins.html.instantEditing" />
              <option value="com.mallowigi.idea" />
              <option value="org.asciidoctor.intellij.asciidoc" />
              <option value="org.jetbrains.jumpToLine" />
              <option value="org.jetbrains.search-everywhere-docs" />
            </list>
          </value>
        </entry>
      </map>
    </option>
    <option name="migrationFromOldStorageChecked" value="true" />
    <option name="syncEnabled" value="true" />
  </component>
</application>