<application>
  <component name="Translation.Cache">
    <option name="lastTrimTime" value="1713854457204" />
  </component>
  <component name="Translation.States">
    <histories>
      <item value="Answers the character at the specified offset in this String. @param index the zero-based index in this string @return the character at the index @throws IndexOutOfBoundsException when {@code index &lt; 0} or {@code index &gt;= length()} public char charAt(int index) {" />
      <item value="Http Status Code Exception" />
      <item value="If a value is present, returns an {@code Optional} describing (as if by {@link ofNullable}) the result of applying the given mapping function to the value, otherwise returns an empty {@code Optional}. &lt;p&gt;If the mapping function returns a {@code null} result then this method returns an empty {@code Optional}. @apiNote This method supports post-processing on {@code Optional} values, without the need to explicitly check for a return status. For example, the following code traverses a stream of URIs, selects one that has not yet been processed, and creates a path from that URI, returning an {@code Optional&lt;Path&gt;}: &lt;pre&gt;{@code Optional&lt;Path&gt; p = uris.stream().filter(uri -&gt; !isProcessedYet(uri)) .findFirst() .map(Paths::get); }&lt;pre&gt; Here, {@code findFirst} returns an {@code Optional&lt;URI&gt;}, and then {@code map} returns an {@code Optional&lt;Path&gt;} for the desired URI if one exists. @param mapper the mapping function to apply to a value, if present @param &lt;U&gt; The type of the value returned from the mapping function @return an {@code Optional} describing the result of applying a mapping function to the value of this {@code Optional}, if a value is present, otherwise an empty {@code Optional} @throws NullPointerException if the mapping function is {@code null}" />
      <item value="Compiles the given regular expression into a pattern." />
      <item value="Determines whether String compression is enabled at VM startup" />
      <item value="Searches in this String for the first index of the specified character. The search for the character starts at the beginning and moves towards the end of this String. @param c the character to find @return the index in this String of the specified character, -1 if the character isn't found @see lastIndexOf(int) @see lastIndexOf(int, int) @see lastIndexOf(String) @see lastIndexOf(String, int) public int indexOf(int c) {" />
      <item value="A service that decouples the production of new asynchronous tasks from the consumption of the results of completed tasks. Producers {@code submit} tasks for execution. Consumers {@code take} completed tasks and process their results in the order they complete. A {@code CompletionService} can for example be used to manage asynchronous IO, in which tasks that perform reads are submitted in one part of a program or system, and then acted upon in a different part of the program when the reads complete, possibly in a different order than they were requested. &lt;p&gt;Typically, a {@code CompletionService} relies on a separate {@link Executor} to actually execute the tasks, in which case the {@code CompletionService} only manages an internal completion queue. The {@link ExecutorCompletionService} class provides an implementation of this approach. &lt;p&gt;Memory consistency effects: Actions in a thread prior to submitting a task to a {@code CompletionService} &lt;a href=&quot;package-summary.htmlMemoryVisibility&quot;&gt;&lt;i&gt;happen-before&lt;i&gt;&lt;a&gt; actions taken by that task, which in turn &lt;i&gt;happen-before&lt;i&gt; actions following a successful return from the corresponding {@code take()}." />
      <item value="Ensures that this collection contains the specified element (optional operation). Returns {@code true} if this collection changed as a result of the call. (Returns {@code false} if this collection does not permit duplicates and already contains the specified element.)&lt;p&gt; Collections that support this operation may place limitations on what elements may be added to this collection. In particular, some collections will refuse to add {@code null} elements, and others will impose restrictions on the type of elements that may be added. Collection classes should clearly specify in their documentation any restrictions on what elements may be added.&lt;p&gt; If a collection refuses to add a particular element for any reason other than that it already contains the element, it &lt;i&gt;must&lt;i&gt; throw an exception (rather than returning {@code false}). This preserves the invariant that a collection always contains the specified element after this call returns." />
      <item value="value Of" />
      <item value="(non-Javadoc) @see org.springframework.data.redis.core.RedisOperationsopsForValue()" />
      <item value="Indicates that the persistence provider must assign primary keys for the entity using a database identity column." />
      <item value="Indicates that the persistence provider should pick an appropriate strategy for the particular database. The &lt;code&gt;AUTO&lt;code&gt; generation strategy may expect a database resource to exist, or it may attempt to create one. A vendor may provide documentation on how to create such resources in the event that it does not support schema generation or cannot create the schema resource at runtime. AUTO" />
      <item value="Indicates that the persistence provider must assign primary keys for the entity using a database identity column. IDENTITY, Indicates that the persistence provider should pick an appropriate strategy for the particular database. The &lt;code&gt;AUTO&lt;code&gt; generation strategy may expect a database resource to exist, or it may attempt to create one. A vendor may provide documentation on how to create such resources in the event that it does not support schema generation or cannot create the schema resource at runtime. AUTO" />
      <item value="Indicates that the persistence provider must assign primary keys for the entity using a database identity column. IDENTITY, Indicates that the persistence provider should pick an appropriate strategy for the particular database. The &lt;code&gt;AUTO&lt;code&gt; generation strategy may expect a database resource to exist, or it may attempt to create one. A vendor may provide documentation on how to create such resources in the event that it does not support schema generation or cannot create the schema resource at runtime." />
      <item value="Indicates that the persistence provider must assign primary keys for the entity using a database sequence." />
      <item value="SEQUENCE" />
      <item value="Indicates that the persistence provider must assign primary keys for the entity using an underlying database table to ensure uniqueness. TABLE," />
      <item value="Indicates that the persistence provider must assign primary keys for the entity using a database sequence. SEQUENCE," />
      <item value="Provides for the specification of generation strategies for the values of primary keys. &lt;p&gt; The &lt;code&gt;GeneratedValue&lt;code&gt; annotation may be applied to a primary key property or field of an entity or mapped superclass in conjunction with the {@link Id} annotation. The use of the &lt;code&gt;GeneratedValue&lt;code&gt; annotation is only required to be supported for simple primary keys. Use of the &lt;code&gt;GeneratedValue&lt;code&gt; annotation is not supported for derived primary keys. &lt;pre&gt; Example 1: &amp;064;Id &amp;064;GeneratedValue(strategy=SEQUENCE, generator=&quot;CUST_SEQ&quot;) &amp;064;Column(name=&quot;CUST_ID&quot;) public Long getId() { return id; } Example 2: &amp;064;Id &amp;064;GeneratedValue(strategy=TABLE, generator=&quot;CUST_GEN&quot;) &amp;064;Column(name=&quot;CUST_ID&quot;) Long id; &lt;pre&gt; @see Id @see TableGenerator @see SequenceGenerator @since 1.0 @Target({METHOD, FIELD}) @Retention(RUNTIME)" />
      <item value="Implementations of {@link Collector} that implement various useful reduction operations, such as accumulating elements into collections, summarizing elements according to various criteria, etc. &lt;p&gt;The following are examples of using the predefined collectors to perform common mutable reduction tasks:" />
      <item value="Implementations of {@link Collector} that implement various useful reduction operations, such as accumulating elements into collections, summarizing elements according to various criteria, etc. &lt;p&gt;The following are examples of using the predefined collectors to perform common mutable reduction tasks: &lt;pre&gt;{@code Accumulate names into a List List&lt;String&gt; list = people.stream() .map(Person::getName) .collect(Collectors.toList()); Accumulate names into a TreeSet Set&lt;String&gt; set = people.stream() .map(Person::getName) .collect(Collectors.toCollection(TreeSet::new)); Convert elements to strings and concatenate them, separated by commas String joined = things.stream() .map(Object::toString) .collect(Collectors.joining(&quot;, &quot;)); Compute sum of salaries of employee int total = employees.stream() .collect(Collectors.summingInt(Employee::getSalary)); Group employees by department Map&lt;Department, List&lt;Employee&gt;&gt; byDept = employees.stream() .collect(Collectors.groupingBy(Employee::getDepartment)); Compute sum of salaries by department Map&lt;Department, Integer&gt; totalByDept = employees.stream() .collect(Collectors.groupingBy(Employee::getDepartment, Collectors.summingInt(Employee::getSalary))); Partition students into passing and failing Map&lt;Boolean, List&lt;Student&gt;&gt; passingFailing = students.stream() .collect(Collectors.partitioningBy(s -&gt; s.getGrade() &gt;= PASS_THRESHOLD)); }&lt;pre&gt; @since 1.8" />
      <item value="----------------------------------------------------------------------- Gets the {@code LocalDate} part of this date-time. &lt;p&gt; This returns a {@code LocalDate} with the same year, month and day as this date-time. @return the date part of this date-time, not null @Override public LocalDate toLocalDate() {" />
      <item value="Comparison Operations" />
      <item value="Detects the language of the provided texts. &lt;p&gt;Example of detecting the language of some texts: &lt;!--SNIPPET translate_detect_language--&gt; &lt;pre&gt;{@code TODO(developer): Uncomment these lines. import com.google.cloud.translate.; Translate translate = TranslateOptions.getDefaultInstance().getService(); List&lt;String&gt; texts = new LinkedList&lt;&gt;(); texts.add(&quot;Hello, World!&quot;); texts.add(&quot;¡Hola Mundo!&quot;); List&lt;Detection&gt; detections = translate.detect(texts); System.out.println(&quot;Language(s) detected:&quot;); for (Detection detection : detections) { System.out.printf(&quot;\t%s\n&quot;, detection); } }&lt;pre&gt; &lt;!--SNIPPET translate_detect_language--&gt; @param texts the texts for which language should be detected @return a list of objects containing information on the language detection, one for each provided text, in order" />
      <item value="@param texts the texts for which language should be detected @return a list of objects containing information on the language detection, one for each provided text, in order" />
      <item value="confidence" />
    </histories>
    <option name="languageScores">
      <map>
        <entry key="ENGLISH" value="27" />
        <entry key="KOREAN" value="27" />
      </map>
    </option>
  </component>
</application>