<keymap version="1" name="macOS copy" parent="Mac OS X 10.5+">
  <action id="ExternalSystem_5ae897bdplatform-dev5ae897bdbuild">
    <keyboard-shortcut first-keystroke="alt b" />
  </action>
  <action id="ExternalSystem_5ae897bdplatform-dev5ae897bdclean">
    <keyboard-shortcut first-keystroke="alt c" />
  </action>
  <action id="ExternalSystem_5ae897bdplatform-dev5ae897bdtest">
    <keyboard-shortcut first-keystroke="alt g" />
  </action>
  <action id="ExternalSystem_d32fd8e3PracticeJavad32fd8e3test">
    <keyboard-shortcut first-keystroke="alt g" />
  </action>
  <action id="IntentionActionAsAction_com.intellij.codeInsight.intention.impl.AddSingleMemberStaticImportAction">
    <keyboard-shortcut first-keystroke="meta alt s" />
  </action>
  <action id="SplitVertically">
    <keyboard-shortcut first-keystroke="ctrl back_slash" />
  </action>
</keymap>