<application>
  <component name="CodeVisionSettings">
    <option name="codeVisionGroupToPosition">
      <map>
        <entry key="inheritors" value="Default" />
        <entry key="problems" value="Default" />
        <entry key="references" value="Default" />
        <entry key="vcs.code.vision" value="Default" />
      </map>
    </option>
    <option name="disabledCodeVisionProviderIds">
      <set>
        <option value="references" />
        <option value="vcs.code.vision" />
      </set>
    </option>
  </component>
  <component name="DeclarativeInlayHintsSettings">
    <option name="providerIdToEnabled">
      <map>
        <entry key="java.implicit.types" value="false" />
        <entry key="java.method.chains" value="true" />
        <entry key="js.chain.hints" value="true" />
        <entry key="js.type.hints" value="true" />
        <entry key="qodana.yaml.inspection.descriptions" value="true" />
        <entry key="ts.chain.hints" value="true" />
        <entry key="ts.enum.hints" value="true" />
        <entry key="ts.type.hints" value="true" />
      </map>
    </option>
  </component>
  <component name="EditorSettings">
    <option name="USE_SOFT_WRAPS" value="CONSOLE" />
    <option name="SHOW_INTENTION_PREVIEW" value="false" />
  </component>
  <component name="InlayHintsSettings">
    <option name="lastViewedProviderKeyId" value="" />
  </component>
  <component name="TodoConfiguration">
    <pattern useCustomColors="true" pattern="\btodo\b.*">
      <option name="FOREGROUND" value="43a54c" />
      <option name="FONT_TYPE" value="2" />
    </pattern>
    <pattern useCustomColors="true" pattern="\bfixme\b.*">
      <option name="FOREGROUND" value="43a54c" />
      <option name="FONT_TYPE" value="2" />
    </pattern>
    <pattern useCustomColors="true" pattern="\bnote\b.*">
      <option name="FOREGROUND" value="43a54c" />
    </pattern>
    <pattern useCustomColors="true" pattern="\bhack\b.*">
      <option name="FOREGROUND" value="43a54c" />
      <option name="FONT_TYPE" value="2" />
    </pattern>
    <pattern useCustomColors="true" pattern="\bxxx\b.*">
      <option name="FOREGROUND" value="43a54c" />
      <option name="FONT_TYPE" value="2" />
    </pattern>
    <pattern useCustomColors="true" pattern="\boptimize\b.*">
      <option name="FOREGROUND" value="43a54c" />
    </pattern>
    <pattern useCustomColors="true" pattern="\breview\b.*">
      <option name="FOREGROUND" value="ffeb95" />
      <option name="FONT_TYPE" value="2" />
    </pattern>
  </component>
</application>