<application>
  <component name="GeneralSettings">
    <option name="showTipsOnStartup" value="false" />
    <option name="confirmOpenNewProject2" value="0" />
  </component>
  <component name="Registry">
    <entry key="undo.documentUndoLimit" value="10000" />
    <entry key="debugger.watches.in.variables" value="false" />
    <entry key="undo.globalUndoLimit" value="10000" />
    <entry key="ide.balloon.shadow.size" value="0" />
    <entry key="ide.experimental.ui" value="false" />
    <entry key="debugger.new.tool.window.layout" value="false" />
    <entry key="idea.plugins.compatible.build" value="" />
    <entry key="ide.intellij.laf.enable.animation" value="true" />
  </component>
</application>