<application>
  <component name="Translation.Cache">
    <option name="lastTrimTime" value="1695796491360" />
  </component>
  <component name="Translation.States">
    <histories>
      <item value="Deleo Api" />
      <item value="Http Client Error Exception" />
    </histories>
    <option name="languageScores">
      <map>
        <entry key="ENGLISH" value="1" />
        <entry key="KOREAN" value="3" />
        <entry key="LATIN" value="3" />
      </map>
    </option>
  </component>
</application>